{"inputUnits":[10],"outputUnits":7,"inputs":{"0":{"dtype":"number","min":57.13018901123479,"max":540.8277310426497},"1":{"dtype":"number","min":201.92981227098204,"max":473.47250907898825},"2":{"dtype":"number","min":39.209535365847685,"max":593.3307804761591},"3":{"dtype":"number","min":95.89617702883749,"max":463.0445377353535},"4":{"dtype":"number","min":40.7278531873709,"max":579.8136866013812},"5":{"dtype":"number","min":76.75866824820554,"max":467.3173567755146},"6":{"dtype":"number","min":58.35067786645105,"max":555.9606999041405},"7":{"dtype":"number","min":97.96273261055059,"max":471.117766608155},"8":{"dtype":"number","min":15.17757050661345,"max":533.3094473449339},"9":{"dtype":"number","min":134.36008464542604,"max":480.7857000197927}},"outputs":{"0":{"dtype":"string","min":0,"max":1,"uniqueValues":["none","thumbsUp","index","indexMiddle","indexMiddleRing","indexMiddleRingPinky","indexMiddleRingPinkyThumb"],"legend":{"none":[1,0,0,0,0,0,0],"thumbsUp":[0,1,0,0,0,0,0],"index":[0,0,1,0,0,0,0],"indexMiddle":[0,0,0,1,0,0,0],"indexMiddleRing":[0,0,0,0,1,0,0],"indexMiddleRingPinky":[0,0,0,0,0,1,0],"indexMiddleRingPinkyThumb":[0,0,0,0,0,0,1]}}},"isNormalized":true}